scenario_id,E_RF_Jm,E_BAT_Jm,E_BB_Jm,E_PA_Jm
6Pro_4G_Pubg_64sps,76.24,205.33,65.65,10.59
6Pro_4G_web_stat,52.29,196.84,48.71,3.59
6Pro_5G_Pubg_64sps,75.41,209.515,64.82499999999999,10.58
6Pro_5G_pubg_stat,75.41,209.515,64.82499999999999,10.58
6Pro_5G_web_stat,64.17,185.19,51.78,12.4
6Pro_LTE_pubg_stat,76.24,205.33,65.65,10.59
